ChIJCZQwNVYYpEwR3B1Ht9NoPZs,RBC Royal Bank,"435 Brookside Dr, Fredericton, NB E3A 8V4",bank
ChIJiRJnoz8ipEwRkjMv6Fa3VKs,RBC Royal Bank,"1206 Prospect St, Fredericton, NB E3B 3C1",bank
ChIJd7lg62kipEwRiY9bnfPqSXs,CIBC Branch with ATM,"1142 Smythe St, Fredericton, NB E3B 3H5",bank
ChIJgTlAJqIYpEwRBKCMvVGG9LQ,RBC Royal Bank,"504 Queen St, Fredericton, NB E3B 5G1",bank
ChIJ6zxMPosYpEwRawc68tMR5PI,BMO Bank of Montreal,"148 Main St, Fredericton, NB E3A 1C8",bank
ChIJRSK3W6EYpEwRYUiAQgq8cJg,National Bank,"551 Rue King C, Fredericton, NB E3B 3T9",bank
ChIJVyEPkKEYpEwRDriNI3x2tcM,BMO Bank of Montreal,"505 King St, Fredericton, NB E3B 1E7",bank
ChIJfcZAWT4ipEwRG236agd5-6A,BMO Bank of Montreal,"1241 Prospect St E, Fredericton, NB E3B 3B9",bank
ChIJ0S5KsIoYpEwReiBQWOg9Vx8,CIBC Branch with ATM,"102 Main St, Fredericton, NB E3A 9N6",bank
ChIJM_KIPj4ipEwRPc941F22ds4,Scotiabank,"1111 Regent St, Fredericton, NB E3B 3Z2",bank
ChIJZYGTmYwYpEwRMQgfhsq47Hc,Scotiabank,"178 Main St, Fredericton, NB E3A 5G8",bank
ChIJk123kKEYpEwRN76WnixY3WI,HSBC Bank,"520 King St, Fredericton, NB E3B 6G3",bank
ChIJp2kwvTkipEwR-2UGESb6Apw,TD Canada Trust Branch and ATM,"1211 Prospect St, Fredericton, NB E3B 3B9",bank
ChIJ1R5EkaEYpEwRb1t-BCRD14Q,Scotiabank,"490 King St, Fredericton, NB E3B 5H8",bank
ChIJXQJ0QnYipEwRcriu1hA8_n0,President's Choice Financial Pavilion and ATM,"471 Smythe St, Fredericton, NB E3B 3E3",bank
ChIJeXHSqJgYpEwRvnFYm3kJv0M,N.B. Filmmakers Co-Operative Ltd.,"59 York St, Fredericton, NB E3B 3N4",bank
ChIJ2RUL3pgYpEwReU3VNWiHobE,TD Canada Trust Branch and ATM,"77 Westmorland St, Fredericton, NB E3B 6Z3",bank
ChIJy0Z0G6IYpEwRYP9l-cWFltc,CIBC Branch with ATM,"448 Queen St, Fredericton, NB E3B 1B6",bank
ChIJnxdh_BMipEwR3UYFEg7RZbY,NBTA Credit Union,"650 Montgomery St, Fredericton, NB E3B 2X7",bank
ChIJTdg1VfUYpEwR85dDukeyE70,Speedbumps Sports Bar,"102 Main St, Fredericton, NB E3A 9N6",bar
ChIJlX1k2rAZpEwRe1T7T0Iaj2k,The Speakeasy Bar & Lounge,"530 Queen St, Fredericton, NB E3B 1B9",bar
ChIJp3tkOKEYpEwR4g0OZyGQBxY,Lunar Rogue Pub,"625 King St, Fredericton, NB E3B 1E9",bar
ChIJiy2e1aMYpEwRA_ePvfO8d5Y,"540 Kitchen & Bar, Inc","540 Queen St, Fredericton, NB E3B 1B9",bar
ChIJH4N9woMYpEwRJwwNjoxbVZE,The Dip Pool Bar & Grill,"225 Woodstock Rd, Fredericton, NB E3B 2H8",bar
ChIJ2chS--gZpEwRqIrWz3QtI3E,The Provincial,"550 Queen St, Fredericton, NB E3B 1B9",bar
ChIJ-Q-Nq5UZpEwRKPgJOs-iots,St. Louis Bar & Grill Fredericton,"280 King St, Fredericton, NB E3B 1G8",bar
ChIJKXHO9kEipEwR5t3X2wPaHR8,The Hilltop Maritime Tavern,"1034 Prospect St, Fredericton, NB E3B 3C1",bar
ChIJvbvLvpgYpEwRF_ejfHjT9BM,The Capital Bar,"362 Queen St, Fredericton, NB E3B 1B2",bar
ChIJF-nL5kGepkwRALbb9aMid_0,Winner's Lounge,"30 Trius Dr, Fredericton, NB E3B 6A2",bar
ChIJ4Y1gN1YYpEwRAEd9T4jY5Jo,Mama's Brew Pub,"500 Brookside Dr, Fredericton, NB E3A 8V2",bar
ChIJVVXlWqEYpEwRnD7r1C71W3U,Southside Shake @ Hilton Garden Inn Fredericton Downtown,"620 Queen St, Fredericton, NB E3B 1C2",bar
ChIJGwTes5gYpEwR_OXAxistPqg,Dolan's Pub,"349 King St, Fredericton, NB E3B 1E4",bar
ChIJ__8zyw8ipEwRyV4vYAao-9I,UNB Grad House - Windsor Castle Bar,"676 Windsor St, Fredericton, NB E3B 3X9",bar
ChIJd-vJ4GkipEwRXhDvLxryUe8,Ringo's Grill,"1185 Smythe St, Fredericton, NB E3B 3H4",bar
ChIJw12HdgAipEwRTFbiYCT2in0,Cannon's Cross Pub,"15 Riverside Dr, Fredericton, NB E3A 3X8",bar
ChIJGwTes5gYpEwReIJCczZ3IrE,Klub Khrome,"375 King St, Fredericton, NB E3B 1E4",bar
ChIJLSe-e5IZpEwRg3slhh6lAkY,Broken Record Bar & Music Room,"422 Queen St, Fredericton, NB E3B 1B6",bar
ChIJK_uYpAsipEwRyzO8y2xbMYk,Cellar Pub & Grill,"Student Union Bldg, 21 Pacey Dr, Fredericton, NB E3B 5A3",bar
ChIJUQdbsK4YpEwRhkUEcn8336M,The Picaroons Roundhouse,"912 Union St, Fredericton, NB E3A 5M5",bar
ChIJHU99gwsipEwREkSFSeQiTfE,Greco Pizza,"529 Dundonald St, Fredericton, NB E3B 1X5",meal_delivery
ChIJgwNnSVSRmEwR_YBX9p8JReE,KFC,"1381 Regent St #154, Fredericton, NB E3C 1A2",meal_delivery
ChIJVZ9svT8ipEwRAgT79dWodGY,KFC,"439 East Prospect St, Fredericton, NB E3B 3B9",meal_delivery
ChIJcxANd40YpEwRhJpf_duwnb4,KFC,"283 Main St, Fredericton, NB E3A 1E1",meal_delivery
ChIJc2gwvTkipEwRD0eQYqCwF-s,Manchu Wok,"1381 Regent St. #P4, Regent Mall, Fredericton, NB E3C 1A2",meal_delivery
ChIJPZn0hXYipEwRUZSenctlb_U,Domino's Pizza,"138 Dundonald St, Fredericton, NB E3B 1W8",meal_delivery
ChIJBT5Av3YipEwRiLy3P3DrPtQ,Papa John's Pizza,"528 Smythe St, Fredericton, NB E3B 3E6",meal_delivery
ChIJa8JPl40YpEwR6FJEUPmyOtI,Little Caesars Pizza,"264 Main St, Fredericton, NB E3A 1C9",meal_delivery
ChIJS_rlYYsYpEwRmmXgvow4Thw,Domino's Pizza,"170 Main St, Fredericton, NB E3A 1C8",meal_delivery
ChIJnfeMG0IipEwR8RbVm6m8w54,Little Caesars Pizza,"1012 Prospect St, Fredericton, NB E3B 3C1",meal_delivery
ChIJq6rq1R-1p0wRT8XjA67x7vU,Nourish NB,"1216 Sand Cove Rd, Saint John, NB E3M 5V8",meal_delivery
ChIJ8zpFK6cYpEwR4t2AgLrKF64,Science East,"668 Brunswick St, Fredericton, NB E3B 1H6",museum
ChIJ00KL1qMYpEwRZvGW2Aogmq8,School Days Museum,"Justice Building Annex, East Entrance, Queen St, Fredericton, NB E3B 5R6",museum
ChIJVVWVwQ8ipEwRfTkSVtJFXLM,Quartermain Earth Science Centre,"2 Bailey Dr, Fredericton, NB E3B 5A3",museum
ChIJM8AS0qMYpEwRtltF2YrROMA,York-Sunbury Historical Society,"571 Queen St, Fredericton, NB E3B 5C8",museum
ChIJq7UyVdUepEwR9RELxrSRYV0,Fabinex,"357 Canada St, Fredericton, NB E3A 4A3",museum
ChIJr3x3pBoipEwRXO4pJ2pcdTE,University of New Brunswick: Brydone Jack Observatory Museum,"10 Bailey Dr, Fredericton, NB E3B 2T5",museum
ChIJcfprHPcYpEwR8j6p05gKbuI,ASD-W STEAM Expo,"324 Fulton Ave, Fredericton, NB E3A 5J4",museum
ChIJdSaQFGmMqkER70XcAtaG38k,The New Brunswick Country Music Hall of Fame,"Inn Complex, 1315 Regent St, Fredericton, NB E3C 1A1",museum
ChIJVeDNeaAYpEwR9ftzafPMVak,Guard House & Soldiers' Barracks,"15 Rue Carleton St, Fredericton, NB E3B 3T1",museum
ChIJy51VL6IYpEwRc_9N1kj8HbE,New Brunswick Sports Hall of Fame,"503 Queen St, Fredericton, NB E3B 5H1",museum
ChIJBXWBdlybpkwRGyHxEqg17Ns,Canadian Military Engineers Museum,"Mitchell Building (J-10) CFB/ASG Gagetown Main Gate, corner of Turner &, 699 Champlain St, Oromocto, NB",museum
ChIJAy6FdDuHpkwRVchoAz6TzIo,Currie House Museum,"110 Currie Ln, Fredericton Junction, NB E5L 1X7",museum
ChIJufY3DqI-pEwRKZ6-yE-r6SQ,Douglas-Bright War Memorial,"Keswick Ridge, NB",museum
ChIJX1ptsR4_pEwR1L7D9RfHnY8,Keswick Ridge Historical Society,"112 NB-616, Keswick Ridge, NB E6L 1R8",museum
ChIJqVLDlYI-pEwRAKuauX_vlIk,Power Plant Tour,"451 Power House Ln, Keswick Ridge, NB E6L 1A8",museum
ChIJWR0DVNs5pEwRdt7i5Tf1zk8,"Kings Landing, New Brunswick","5804 Route 102, 5804 NB-102, Prince William, NB E6K 0A5",museum
ChIJMw9kY7Puo0wRXJum0P_AnX4,Central NB Woodmen's Museum Inc,"6342 NB-8, Boiestown, NB E6A 1Z5",museum
ChIJWRlo6Zi0p0wR3_qoGtXS8Dg,New Brunswick Museum Archives,"277 Douglas Ave, Saint John, NB E2K 1E5",museum
ChIJbbQODJfEo0wRU7XK3QogXS8,Atlantic Salmon Museum Inc,"263 Main St, Doaktown, NB E9C 1A9",museum
ChIJjaDf0cQ5pEwRgebrp0LHP4o,The Print Shop,"Kings Landing, NB",museum
